"YEAR","MONTH","AZ_AF","CA_AF","NV_AF","MX_AF","AZ_km3","CA_km3","NV_km3","MX_km3","DATE"
2010,1,135447,183385,6654,121598,0.16707116556,0.2262017298,0.00820757592,0.14998870104,2010-01-01
2010,2,117331,174030,5400,140231,0.14472544188,0.2146625244,0.006660792,0.17297213388,2010-02-01
2010,3,218000,375260,12305,214968,0.26889864,0.4628757048,0.0151779714,0.26515872864,2010-03-01
2010,4,278902,389511,19249,195356,0.34402003896,0.48045402828,0.02374325652,0.24096771888,2010-04-01
2010,5,302751,481904,28041,104228,0.37343730348,0.59441894592,0.03458801268,0.12856315344,2010-05-01
2010,6,309364,441951,28120,112423,0.38159430672,0.54513771948,0.0346854576,0.13867152204,2010-06-01
2010,7,217618,501023,34322,122685,0.26842745064,0.61800185004,0.04233550056,0.1513294938,2010-07-01
2010,8,229979,467149,33449,95542,0.28367449692,0.57621894852,0.04125867252,0.11784914616,2010-08-01
2010,9,290441,430782,23184,89308,0.35825316468,0.53136098136,0.02859700032,0.11015963184,2010-09-01
2010,10,248075,348168,23914,75999,0.305995551,0.42945826464,0.02949744072,0.09374324652,2010-10-01
2010,11,214994,328769,17359,109322,0.26519079912,0.40552998612,0.02141197932,0.13484650056,2010-11-01
2010,12,217465,234907,9440,118340,0.2682387282,0.28975308636,0.0116440512,0.1459700232,2010-12-01
2011,1,129270,218239,9479,128113,0.1594519596,0.26919344172,0.01169215692,0.15802482324,2011-01-01
2011,2,180781,188974,8943,155921,0.22298974788,0.23309564952,0.01103101164,0.19232543508,2011-02-01
2011,3,290691,409563,14910,195426,0.35856153468,0.50518776924,0.0183911868,0.24105406248,2011-03-01
2011,4,315005,467821,20577,192064,0.3885523674,0.57704784708,0.02538131796,0.23690710272,2011-04-01
2011,5,303211,484968,26055,110741,0.37400470428,0.59819832864,0.0321383214,0.13659680868,2011-05-01
2011,6,298321,478232,25759,119568,0.36797298708,0.58988960736,0.03177321132,0.14748473664,2011-06-01
2011,7,236817,520926,27213,125942,0.29210903316,0.64255180248,0.03356669124,0.15534693816,2011-07-01
2011,8,198525,489191,28699,94770,0.244876617,0.60340731468,0.03539964252,0.1168968996,2011-08-01
2011,9,201721,404435,18540,89307,0.24881881908,0.4988624838,0.0228687192,0.11015839836,2011-09-01
2011,10,239375,299026,20511,63478,0.295264275,0.36884259048,0.02529990828,0.07829884344,2011-10-01
2011,11,208992,196058,13287,109271,0.25778745216,0.24183362184,0.01638924876,0.13478359308,2011-11-01
2011,12,178399,155228,8874,115401,0.22005159852,0.19147063344,0.01094590152,0.14234482548,2011-12-01
2012,1,223301,228158,8924,130284,0.27543731748,0.28142832984,0.01100757552,0.16070270832,2012-01-01
2012,2,228623,277273,10735,158442,0.28200189804,0.34201070004,0.0132414078,0.19543503816,2012-02-01
2012,3,296991,380935,16487,186740,0.36633245868,0.4698757038,0.02033638476,0.2303400552,2012-03-01
2012,4,313981,509205,20784,177140,0.38728928388,0.6280941834,0.02563664832,0.2184986472,2012-04-01
2012,5,337032,536664,31053,97665,0.41572223136,0.66196431072,0.03830325444,0.1204678242,2012-05-01
2012,6,279963,501715,29004,102476,0.34532876124,0.6188554182,0.03577585392,0.12640209648,2012-06-01
2012,7,175751,479910,29362,102616,0.21678534348,0.5919593868,0.03621743976,0.12657478368,2012-07-01
2012,8,204527,434609,24230,92284,0.25227996396,0.53608150932,0.0298872204,0.11383046832,2012-08-01
2012,9,233009,385103,19085,89308,0.28741194132,0.47501684844,0.0235409658,0.11015963184,2012-09-01
2012,10,120169,318617,20872,55370,0.14822605812,0.39300769716,0.02574519456,0.0682977876,2012-10-01
2012,11,222460,216935,15406,86157,0.2743999608,0.2675849838,0.01900299288,0.10627293636,2012-11-01
2012,12,153859,147594,11239,88541,0.18978199932,0.18205424712,0.01386308172,0.10921355268,2012-12-01
2013,1,107294,216806,8965,125151,0.13234500312,0.26742586488,0.0110581482,0.15437125548,2013-01-01
2013,2,201539,201525,8470,155921,0.24859432572,0.248577057,0.0104475756,0.19232543508,2013-02-01
2013,3,283383,422252,15300,200712,0.34954726284,0.52083939696,0.018872244,0.24757423776,2013-03-01
2013,4,295234,472366,20750,212137,0.36416523432,0.58265401368,0.02559471,0.26166674676,2013-04-01
2013,5,323917,506130,28076,111275,0.39954514116,0.6243012324,0.03463118448,0.137255487,2013-05-01
2013,6,274037,493786,28679,109209,0.33801915876,0.60907515528,0.03537497292,0.13470711732,2013-06-01
2013,7,207476,462052,29150,111424,0.25591749648,0.56993190096,0.035955942,0.13743927552,2013-07-01
2013,8,208424,417254,27538,104505,0.25708683552,0.51467446392,0.03396757224,0.1289048274,2013-08-01
2013,9,235296,355558,16179,101509,0.29023291008,0.43857368184,0.01995647292,0.12520932132,2013-09-01
2013,10,281311,400136,19884,64711,0.34699149228,0.49355975328,0.02452651632,0.07981972428,2013-10-01
2013,11,190713,262915,11754,98740,0.23524067124,0.3243003942,0.01449832392,0.1217938152,2013-11-01
2013,12,170243,265009,8818,104706,0.20999133564,0.32688330132,0.01087682664,0.12915275688,2013-12-01
2014,1,129388,263854,8130,130640,0.15959751024,0.32545863192,0.0100281924,0.1611418272,2014-01-01
2014,2,191933,251788,8028,161705,0.23674551684,0.31057546224,0.00990237744,0.1994598834,2014-02-01
2014,3,283591,415742,13983,259700,0.34980382668,0.51280944216,0.01724775084,0.320334756,2014-03-01
2014,4,318016,481151,20864,240692,0.39226637568,0.59349013548,0.02573532672,0.29688876816,2014-04-01
2014,5,326442,523387,30194,115252,0.40265967816,0.64558739676,0.03724369512,0.14216103696,2014-05-01
2014,6,264493,493609,28078,112038,0.32624682564,0.60885682932,0.03463365144,0.13819663224,2014-06-01
2014,7,236956,506040,27686,118494,0.29228048688,0.6241902192,0.03415012728,0.14615997912,2014-07-01
2014,8,193624,408488,23853,100453,0.23883133152,0.50386177824,0.02942219844,0.12390676644,2014-08-01
2014,9,231213,383090,19525,89653,0.28519661124,0.4725338532,0.024083697,0.11058518244,2014-09-01
2014,10,231115,370843,21862,65519,0.2850757302,0.45742742364,0.02696633976,0.08081637612,2014-10-01
2014,11,204658,305952,13713,88816,0.25244154984,0.37738567296,0.01691471124,0.10955275968,2014-11-01
2014,12,163232,245790,8700,98248,0.20134340736,0.3031770492,0.010731276,0.12118694304,2014-12-01
2015,1,215517,258934,6146,145888,0.26583590916,0.31938991032,0.00758096808,0.17994993024,2015-01-01
2015,2,174116,262979,7997,172217,0.21476860368,0.32437933692,0.00986413956,0.21242622516,2015-02-01
2015,3,254943,390407,14493,218681,0.31446709164,0.48155922636,0.01787682564,0.26973863988,2015-03-01
2015,4,302774,478782,20898,210061,0.37346567352,0.59056802136,0.02577726504,0.25910604228,2015-04-01
2015,5,289252,434775,25157,112649,0.35678655696,0.536286267,0.03103065636,0.13895028852,2015-05-01
2015,6,190408,458893,25656,108640,0.23486445984,0.56603533764,0.03164616288,0.1340052672,2015-06-01
2015,7,185820,457516,28970,107355,0.2292052536,0.56433683568,0.0357339156,0.1324202454,2015-07-01
2015,8,176919,460369,27453,92757,0.21822604812,0.56785595412,0.03386272644,0.11441390436,2015-08-01
2015,9,257989,398263,24943,89909,0.31822427172,0.49124944524,0.03076669164,0.11090095332,2015-09-01
2015,10,201470,398916,20027,59037,0.2485092156,0.49205490768,0.02470290396,0.07282095876,2015-10-01
2015,11,181140,335176,12127,92944,0.2234325672,0.41343289248,0.01495841196,0.11464456512,2015-11-01
2015,12,174384,285746,8862,104691,0.21509917632,0.35246197608,0.01093109976,0.12913425468,2015-12-01
2016,1,177409,177409,8453,154326,0.21883045332,0.21883045332,0.01042660644,0.19035803448,2016-01-01
2016,2,190876,190876,10306,180079,0.23544172848,0.23544172848,0.01271224488,0.22212384492,2016-02-01
2016,3,237616,237616,18176,220719,0.29309458368,0.29309458368,0.02241973248,0.27225247212,2016-03-01
2016,4,293016,293016,18399,202006,0.36142937568,0.36142937568,0.02269479852,0.24917036088,2016-04-01
2016,5,306195,306195,22101,97446,0.3776854086,0.3776854086,0.02726114148,0.12019769208,2016-05-01
2016,6,219345,219345,28389,91620,0.2705576706,0.2705576706,0.03501726372,0.1130114376,2016-06-01
2016,7,207719,207719,30760,102272,0.25621723212,0.25621723212,0.0379418448,0.12615046656,2016-07-01
2016,8,173473,173473,29099,99074,0.21397547604,0.21397547604,0.03589303452,0.12220579752,2016-08-01
2016,9,232168,232168,22563,91609,0.28637458464,0.28637458464,0.02783100924,0.11299786932,2016-09-01
2016,10,227165,227165,23953,60789,0.2802034842,0.2802034842,0.02954554644,0.07498201572,2016-10-01
2016,11,200109,200109,16701,96888,0.24683044932,0.24683044932,0.02060034948,0.11950941024,2016-11-01
2016,12,147742,147742,9426,112402,0.18223680216,0.18223680216,0.01162678248,0.13864561896,2016-12-01
2017,1,142841,154193,7512,126248,0.17619151668,0.19019398164,0.00926590176,0.15572438304,2017-01-01
2017,2,103498,183907,7421,160026,0.12766271304,0.22684560636,0.00915365508,0.19738887048,2017-02-01
2017,3,246837,337284,15908,202972,0.30446850276,0.41603306832,0.01962219984,0.25036190256,2017-03-01
2017,4,306308,399845,20107,180934,0.37782479184,0.4932008106,0.02480158236,0.22317847032,2017-04-01
2017,5,302088,417226,29320,110666,0.37261950624,0.51463992648,0.0361656336,0.13650429768,2017-05-01
2017,6,205466,438278,29170,125896,0.25343820168,0.54060714744,0.0359806116,0.15529019808,2017-06-01
2017,7,204389,428840,31535,130565,0.25210974372,0.5289655632,0.0388977918,0.1610493162,2017-07-01
2017,8,181698,392519,28628,102224,0.22412084904,0.48416433612,0.03531206544,0.12609125952,2017-08-01
2017,9,224952,326208,21610,103784,0.27747379296,0.40237104384,0.0266555028,0.12801548832,2017-09-01
2017,10,228891,362216,23835,65461,0.28233247068,0.44678619168,0.0293999958,0.08074483428,2017-10-01
2017,11,175819,296444,16098,99010,0.21686922012,0.36565774512,0.01985656104,0.1221268548,2017-11-01
2017,12,186716,289555,12281,108900,0.23031045168,0.3571603014,0.01514836788,0.134325972,2017-12-01
2018,1,125827,177404,9958,125066,0.15520508796,0.21882428592,0.01228299384,0.15426640968,2018-01-01
2018,2,164096,217310,10642,151998,0.20240913408,0.2680475388,0.01312669416,0.18748649304,2018-02-01
2018,3,246672,354906,14722,194686,0.30426497856,0.43776945288,0.01815929256,0.24014128728,2018-03-01
2018,4,305724,441875,21757,175268,0.37710443952,0.545043975,0.02683682436,0.21618957264,2018-04-01
2018,5,324458,488852,27848,123967,0.40021245384,0.60298916496,0.03434995104,0.15291081516,2018-05-01
2018,6,221189,472247,28230,135561,0.27283220772,0.58250722956,0.0348211404,0.16721178228,2018-06-01
2018,7,197694,464248,27436,132716,0.24385159512,0.57264062304,0.03384175728,0.16370253168,2018-07-01
2018,8,132209,464815,28870,104382,0.16307715732,0.5733400062,0.0356105676,0.12875310936,2018-08-01
2018,9,271567,388710,24739,94015,0.33497246316,0.4794660108,0.03051506172,0.1159656222,2018-09-01
2018,10,240256,339339,23071,67933,0.29635097088,0.41856786972,0.02845761708,0.08379399684,2018-10-01
2018,11,234037,286089,15902,97173,0.28867995876,0.35288505972,0.01961479896,0.11986095204,2018-11-01
2018,12,168531,169730,10928,104651,0.20787961788,0.2093585604,0.01347946944,0.12908491548,2018-12-01
2019,1,110863,202959,8580,122147,0.13674729324,0.25034586732,0.0105832584,0.15066588156,2019-01-01
2019,2,194265,188497,5921,142827,0.2396219922,0.23250727956,0.00730343508,0.17617424796,2019-02-01
2019,3,173762,309787,13751,185434,0.21433195176,0.38211606876,0.01696158348,0.22872913032,2019-03-01
2019,4,271543,390512,15438,170264,0.33494285964,0.48168874176,0.01904246424,0.21001723872,2019-04-01
2019,5,292360,456030,18325,127516,0.3606202128,0.5625038844,0.022603521,0.15728843568,2019-05-01
2019,6,236676,441070,27749,138304,0.29193511248,0.5440510236,0.03422783652,0.17059521792,2019-06-01
2019,7,238406,461068,33265,145562,0.29406903288,0.56871815664,0.0410317122,0.17954781576,2019-07-01
2019,8,229493,439355,34950,111003,0.28307502564,0.5419356054,0.043110126,0.13691998044,2019-08-01
2019,9,251374,358511,30806,102676,0.31006480152,0.44221614828,0.03799858488,0.12664879248,2019-09-01
2019,10,243165,296792,24990,67601,0.2999391642,0.36608699616,0.0308246652,0.08338448148,2019-10-01
2019,11,170462,166174,13259,117519,0.21026146776,0.20497230552,0.01635471132,0.14495733612,2019-11-01
2019,12,79338,129931,6962,108824,0.09786183624,0.16026728988,0.00858748776,0.13423222752,2019-12-01
